"ID","Description","GeneRatio","BgRatio","RichFactor","FoldEnrichment","zScore","pvalue","p.adjust","qvalue","geneID","Count"
"GO:0030198","extracellular matrix organization","41/770","339/18805",0.12094395280236,2.95370263954335,7.50039796409585,5.56307169562355e-10,1.06055893221635e-06,8.99777651923813e-07,"LAMA1/TGFBI/SERPINB5/SLC39A8/COL5A2/LUM/LOXL2/ANTXR1/PPARG/COL15A1/PXDN/ELF3/SOX9/NFKB2/ADAMTS1/FOXF2/KAZALD1/ITGA2/RUNX1/ECM2/FAP/ADAMTS16/CCDC80/CTSS/NPNT/ADAMTS5/COL8A2/ADTRP/VWA1/COL17A1/HAS2/P4HA3/PLOD2/ZNF469/GPM6B/MMP16/MMP28/OLFML2B/COMP/COL3A1/TNXB",41
"GO:0043062","extracellular structure organization","41/770","340/18805",0.120588235294118,2.94501527883881,7.478254315532,6.08446717734528e-10,1.06055893221635e-06,8.99777651923813e-07,"LAMA1/TGFBI/SERPINB5/SLC39A8/COL5A2/LUM/LOXL2/ANTXR1/PPARG/COL15A1/PXDN/ELF3/SOX9/NFKB2/ADAMTS1/FOXF2/KAZALD1/ITGA2/RUNX1/ECM2/FAP/ADAMTS16/CCDC80/CTSS/NPNT/ADAMTS5/COL8A2/ADTRP/VWA1/COL17A1/HAS2/P4HA3/PLOD2/ZNF469/GPM6B/MMP16/MMP28/OLFML2B/COMP/COL3A1/TNXB",41
"GO:0045229","external encapsulating structure organization","41/770","341/18805",0.120234604105572,2.93637887039647,7.45619125376318,6.65205267959239e-10,1.06055893221635e-06,8.99777651923813e-07,"LAMA1/TGFBI/SERPINB5/SLC39A8/COL5A2/LUM/LOXL2/ANTXR1/PPARG/COL15A1/PXDN/ELF3/SOX9/NFKB2/ADAMTS1/FOXF2/KAZALD1/ITGA2/RUNX1/ECM2/FAP/ADAMTS16/CCDC80/CTSS/NPNT/ADAMTS5/COL8A2/ADTRP/VWA1/COL17A1/HAS2/P4HA3/PLOD2/ZNF469/GPM6B/MMP16/MMP28/OLFML2B/COMP/COL3A1/TNXB",41
"GO:0050878","regulation of body fluid levels","42/770","388/18805",0.108247422680412,2.64362699156514,6.75961706800665,9.78879528274515e-09,1.17049519593425e-05,9.93047521446909e-06,"F3/SCNN1A/AGR2/EMP2/CSRP1/AKR1B1/SERPINE2/PRSS56/VAV3/PAPSS2/RAP2B/KCNN4/SOCS2/TSPAN8/EMILIN2/APOE/F2RL1/ITGA2/EDNRB/IL6R/FAP/TLR4/CYP4F12/TBXA2R/C1QTNF1/ADTRP/CHRM3/THBD/NFE2/SERPINE1/DGKI/HAS2/HNF4A/FOXB1/PEAR1/XDH/NKX2-3/SCUBE1/ANGPTL2/COMP/AQP5/COL3A1",42
"GO:0050673","epithelial cell proliferation","47/770","488/18805",0.0963114754098361,2.35212635724931,6.25334554561239,5.11105687716512e-08,4.88923700869615e-05,4.14802616030979e-05,"F3/PTPRN/SERPINB5/LOXL2/TNFAIP3/CDK6/PPARG/EREG/BMPER/NRP2/AREG/MAGED1/NR4A3/IRS2/SOX9/FA2H/TBX1/EFNB2/APOE/PTN/GATA6/TACR1/EDNRB/ATOH8/TWIST1/FAP/FGFBP1/PAX2/ODAM/FLT4/COL8A2/PROK2/HAS2/CCR3/ESR1/XDH/CCL2/FGFR2/NKX2-3/SDR16C5/MEF2C/CDH3/CCN3/LRG1/WNT7A/PGR/TNFSF12",47
"GO:0048511","rhythmic process","34/770","303/18805",0.112211221122112,2.74043118597574,6.31075388130962,1.06407469303813e-07,8.48244876133565e-05,7.19650516081053e-05,"PTPRN/CUL4A/PPARG/EREG/MAGED1/PTEN/NRIP1/CGA/NFKB2/CREM/ADAMTS1/A2M/PTN/CLDN4/SLIT2/TWIST1/TEF/RELB/PASD1/ENOX1/CA12/NPPC/PROK2/HAS2/HNF4A/ESR1/PIWIL2/NPAS2/SCN9A/BMPR1B/HLF/RORB/PGR/NOS2",34
"GO:0042060","wound healing","42/770","450/18805",0.0933333333333333,2.27939393939394,5.67604411347394,6.14958238207799e-07,0.0004201921790497,0.000356490828314446,"F3/CD44/TNFAIP3/PPARG/S100A10/CSRP1/SERPINE2/ITGB6/EREG/PRSS56/PPL/PTEN/VAV3/PAPSS2/MCAM/RAP2B/TSPAN8/EMILIN2/APOE/CLDN4/F2RL1/ITGA2/IL6R/FAP/TLR4/ODAM/TBXA2R/C1QTNF1/ADTRP/THBD/SERPINE1/DGKI/HNF4A/PEAR1/ARHGAP24/GPR4/SCUBE1/ANGPTL2/COMP/LRG1/COL3A1/WNT7A",42
"GO:0048863","stem cell differentiation","29/770","256/18805",0.11328125,2.76656351461039,5.88032593903215,7.50338395209022e-07,0.000448608568035594,0.000380599278096155,"CDK6/EDNRA/TMSB4X/CDH2/NRP2/SEMA3C/SOX9/SEMA6D/MYOCD/SEMA4B/HMGA2/TBX1/FOXA1/A2M/PTN/GATA6/EDNRB/ESRRB/SEMA6B/TWIST1/PAX2/GPM6A/ESR1/FOLR1/SOX21/SEMA3E/FGFR2/MEF2C/WNT7A",29
"GO:0050678","regulation of epithelial cell proliferation","39/770","410/18805",0.0951219512195122,2.32307570478302,5.59679161946186,9.67413586299049e-07,0.000495387552768251,0.000420286544653016,"F3/PTPRN/SERPINB5/TNFAIP3/CDK6/PPARG/EREG/NRP2/AREG/MAGED1/NR4A3/IRS2/SOX9/FA2H/TBX1/EFNB2/APOE/PTN/GATA6/TACR1/EDNRB/ATOH8/TWIST1/FGFBP1/PAX2/ODAM/FLT4/HAS2/CCR3/XDH/CCL2/FGFR2/NKX2-3/MEF2C/CDH3/LRG1/WNT7A/PGR/TNFSF12",39
"GO:0007409","axonogenesis","42/770","459/18805",0.0915032679738562,2.23469994058229,5.53362195729453,1.03572559642118e-06,0.000495387552768251,0.000420286544653016,"EDNRA/ADARB1/NRP2/SEMA3C/PTEN/FYN/PLEKHG4B/SEMA6D/EPHB6/SEMA4B/NR4A2/UNC5B/SNAP25/EFNB2/APOE/SLITRK2/SLITRK4/SLIT2/SEMA6B/EPHA5/EPHA8/PAX2/FSTL4/VANGL2/ARK2C/EPHB3/LHX1/EPHA6/DCLK1/FOXB1/NEFH/PTPRH/SEMA3E/HOXA2/DSCAML1/RND2/FGFR2/BMPR1B/DISC1/MAP2/CSF1R/WNT7A",42
"GO:0007599","hemostasis","28/770","248/18805",0.112903225806452,2.75733137829912,5.75622857094221,1.24141024447152e-06,0.00053978774539157,0.000457955645209349,"F3/CSRP1/SERPINE2/PRSS56/VAV3/PAPSS2/RAP2B/TSPAN8/EMILIN2/APOE/F2RL1/ITGA2/IL6R/FAP/TLR4/TBXA2R/C1QTNF1/ADTRP/THBD/NFE2/SERPINE1/DGKI/HNF4A/PEAR1/SCUBE1/ANGPTL2/COMP/COL3A1",28
"GO:0042698","ovulation cycle","14/770","75/18805",0.186666666666667,4.55878787878788,6.38081651308857,1.82249508285464e-06,0.000726416165107814,0.000616291100386373,"PTPRN/EREG/NRIP1/CGA/ADAMTS1/A2M/PTN/SLIT2/CA12/NPPC/HAS2/ESR1/BMPR1B/PGR",14
"GO:0007596","blood coagulation","27/770","241/18805",0.112033195020747,2.73608341865603,5.60474348840738,2.22435318643946e-06,0.000818390868518458,0.000694322391394667,"F3/CSRP1/SERPINE2/PRSS56/VAV3/PAPSS2/RAP2B/TSPAN8/EMILIN2/APOE/F2RL1/ITGA2/IL6R/FAP/TLR4/TBXA2R/C1QTNF1/ADTRP/THBD/SERPINE1/DGKI/HNF4A/PEAR1/SCUBE1/ANGPTL2/COMP/COL3A1",27
"GO:0001503","ossification","41/770","458/18805",0.0895196506550218,2.18625588385414,5.31056829819908,2.4233697195347e-06,0.000827926954895318,0.000702412802165884,"COL5A2/CDK6/PTGER4/PPARG/SRGN/AREG/DHRS3/MN1/PTEN/PKDCC/SOX9/GPLD1/CCN2/RYR1/KAZALD1/PTN/STC1/PTK2B/TACR1/XYLT1/RUNX1/IL6R/TWIST1/CYP24A1/CEBPA/MRC2/NPNT/NPPC/CHRD/PHEX/HOXA2/GPM6B/MMP16/FGFR2/BMPR1B/FFAR4/ATP6V0A4/MEF2C/COMP/RORB/CCN3",41
"GO:0007416","synapse assembly","29/770","273/18805",0.106227106227106,2.59428666571524,5.48275705037283,2.78513161074831e-06,0.000888085632947279,0.000753451393644544,"DNER/FARP1/AMIGO2/CDH2/SHANK3/PTEN/PLXNA2/SNCA/SNAP25/EFNB2/SRPX2/PTK2B/GABRE/ADGRF1/SLITRK2/SLITRK4/LGI2/NRXN2/ELMO1/EPHB3/DNM3/DCLK1/GPM6A/PTPN13/LRRTM3/NLGN4Y/MEF2C/GABRB3/WNT7A",29
"GO:0050817","coagulation","27/770","246/18805",0.109756097560976,2.68047196705733,5.48193586567136,3.29424416462833e-06,0.000947101994823582,0.000803520844668048,"F3/CSRP1/SERPINE2/PRSS56/VAV3/PAPSS2/RAP2B/TSPAN8/EMILIN2/APOE/F2RL1/ITGA2/IL6R/FAP/TLR4/TBXA2R/C1QTNF1/ADTRP/THBD/SERPINE1/DGKI/HNF4A/PEAR1/SCUBE1/ANGPTL2/COMP/COL3A1",27
"GO:0046660","female sex differentiation","18/770","125/18805",0.144,3.51677922077922,5.83343147653089,3.36624167091802e-06,0.000947101994823582,0.000803520844668048,"PTPRN/STRA6/EREG/NRIP1/CGA/ADAMTS1/A2M/SLIT2/LFNG/LHFPL2/LHX1/PCYT1B/VGF/INHA/NPPC/ESR1/BMPR1B/PGR",18
"GO:0090497","mesenchymal cell migration","12/770","60/18805",0.2,4.88441558441558,6.22688723780363,4.6717871700046e-06,0.00123702313694447,0.0010494897923393,"EDNRA/CDH2/NRP2/SEMA3C/SEMA6D/SEMA4B/TBX1/EDNRB/SEMA6B/TWIST1/FOLR1/SEMA3E",12
"GO:0002062","chondrocyte differentiation","17/770","116/18805",0.146551724137931,3.57909762651142,5.75726413744679,4.91395350239282e-06,0.00123702313694447,0.0010494897923393,"TGFBI/CREB3L2/LOXL2/PKDCC/SOX9/GPLD1/CCN2/HMGA2/RUNX1/PRKG2/NPPC/BMPR1B/MEF2C/COMP/CCN3/COL3A1/WNT7A",17
"GO:1900046","regulation of hemostasis","13/770","71/18805",0.183098591549296,4.47164807023962,6.05566748464865,5.3091615098583e-06,0.00126968597508261,0.00107720092739493,"F3/SERPINE2/TSPAN8/EMILIN2/APOE/F2RL1/FAP/TBXA2R/C1QTNF1/ADTRP/THBD/SERPINE1/COMP",13
"GO:0035988","chondrocyte proliferation","8/770","26/18805",0.307692307692308,7.51448551448552,6.86820068092249,6.17291798248355e-06,0.00140595555762947,0.00119281197105133,"SOX9/CCN2/HMGA2/STC1/MMP16/BMPR1B/COMP/CCN3",8
"GO:0003014","renal system process","18/770","132/18805",0.136363636363636,3.33028335301063,5.55138132638838,7.37486381944546e-06,0.00160336243856398,0.00136029186717523,"EDNRA/EMP2/ABCG2/AKR1B1/PCSK5/MCAM/AKR1C3/GSN/CLDN4/STC1/F2RL1/TACR1/EDNRB/CYP4F12/HAS2/SUCNR1/ATP6V0A4/CHRNB4",18
"GO:0022602","ovulation cycle process","11/770","53/18805",0.207547169811321,5.06873315363881,6.12894544877556,7.97931494023317e-06,0.00165935058083197,0.00140779217824251,"PTPRN/EREG/NRIP1/CGA/ADAMTS1/A2M/SLIT2/NPPC/ESR1/BMPR1B/PGR",11
"GO:0046545","development of primary female sexual characteristics","16/770","110/18805",0.145454545454545,3.55230224321133,5.54725487538762,1.02364908926313e-05,0.00203964205866629,0.00173043127219396,"PTPRN/EREG/NRIP1/CGA/ADAMTS1/A2M/SLIT2/LFNG/LHFPL2/PCYT1B/VGF/INHA/NPPC/ESR1/BMPR1B/PGR",16
"GO:0043588","skin development","31/770","324/18805",0.095679012345679,2.33668029501363,5.01475509111147,1.10652246033128e-05,0.00203964205866629,0.00173043127219396,"COL5A2/ITGB4/FLNB/RIPK4/LATS2/FOXQ1/ITGB6/EREG/PPL/AKR1C3/SOX9/FA2H/KRT7/KRT16/KRT81/RYR1/TXNIP/CLDN4/GATA6/ITGA2/PLAAT4/ABCA12/SOX21/ST14/ALOXE3/FGFR2/EDAR/COMP/CDH3/POU3F1/COL3A1",31
"GO:0048864","stem cell development","14/770","87/18805",0.160919540229885,3.92998955067921,5.65989516238809,1.11603510495756e-05,0.00203964205866629,0.00173043127219396,"EDNRA/CDH2/NRP2/SEMA3C/SOX9/SEMA6D/SEMA4B/TBX1/EDNRB/SEMA6B/TWIST1/FOLR1/SEMA3E/WNT7A",14
"GO:0007229","integrin-mediated signaling pathway","16/770","111/18805",0.144144144144144,3.52029952029952,5.50268861196037,1.15137644959209e-05,0.00203964205866629,0.00173043127219396,"LAMA1/ITGB4/EMP2/ITGB6/VAV3/NEDD9/CCN2/ADAMTS1/PTN/PTK2B/ITGA2/FYB1/ITGA1/ITGA7/ITGB8/COL3A1",16
"GO:0048608","reproductive structure development","30/770","314/18805",0.0955414012738854,2.33331954669534,4.92301638535379,1.57077081006792e-05,0.00258088967920829,0.00218962547472913,"PTPRN/SERPINB5/ADGRG1/STRA6/SERPINE2/EREG/NRIP1/AKR1C3/SOX9/CGA/MYOCD/ADAMTS1/FOXF2/FOXA1/A2M/GATA6/SLIT2/LFNG/C3/LHX1/PCYT1B/VGF/INHA/NPPC/GFRA1/ESR1/FGFR2/BMPR1B/WNT7A/PGR",30
"GO:0009612","response to mechanical stimulus","24/770","223/18805",0.10762331838565,2.62838506784695,5.05447119002855,1.58858375234301e-05,0.00258088967920829,0.00218962547472913,"PIEZO2/PTGER4/STRA6/SERPINE2/CDH2/SHANK3/PPL/SLC1A3/BTG2/FYN/SOX9/GSN/TXNIP/PTN/PTK2B/ITGA2/TACR1/TLR4/NRXN2/SCN9A/KCNJ2/ANKRD1/PDZD7/CASP1",24
"GO:0007411","axon guidance","25/770","238/18805",0.105042016806723,2.565344319546,5.02157440356523,1.61878926147289e-05,0.00258088967920829,0.00218962547472913,"EDNRA/NRP2/SEMA3C/FYN/PLEKHG4B/SEMA6D/EPHB6/SEMA4B/UNC5B/EFNB2/SLIT2/SEMA6B/EPHA5/EPHA8/VANGL2/ARK2C/EPHB3/LHX1/EPHA6/PTPRH/SEMA3E/HOXA2/DSCAML1/BMPR1B/CSF1R",25
"GO:0097485","neuron projection guidance","25/770","239/18805",0.104602510460251,2.55461066130522,4.99774196541642,1.73941897722163e-05,0.00268375515098421,0.00227689648800997,"EDNRA/NRP2/SEMA3C/FYN/PLEKHG4B/SEMA6D/EPHB6/SEMA4B/UNC5B/EFNB2/SLIT2/SEMA6B/EPHA5/EPHA8/VANGL2/ARK2C/EPHB3/LHX1/EPHA6/PTPRH/SEMA3E/HOXA2/DSCAML1/BMPR1B/CSF1R",25
"GO:0001755","neural crest cell migration","11/770","58/18805",0.189655172413793,4.63177339901478,5.72373160656489,1.97806047870605e-05,0.00290380013966557,0.00246358254308808,"EDNRA/NRP2/SEMA3C/SEMA6D/SEMA4B/TBX1/EDNRB/SEMA6B/TWIST1/FOLR1/SEMA3E",11
"GO:0061458","reproductive system development","30/770","318/18805",0.0943396226415094,2.30396961529037,4.84574126550457,2.00345817706385e-05,0.00290380013966557,0.00246358254308808,"PTPRN/SERPINB5/ADGRG1/STRA6/SERPINE2/EREG/NRIP1/AKR1C3/SOX9/CGA/MYOCD/ADAMTS1/FOXF2/FOXA1/A2M/GATA6/SLIT2/LFNG/C3/LHX1/PCYT1B/VGF/INHA/NPPC/GFRA1/ESR1/FGFR2/BMPR1B/WNT7A/PGR",30
"GO:0030193","regulation of blood coagulation","12/770","69/18805",0.173913043478261,4.24731789949181,5.58371603110148,2.09968491700312e-05,0.0029537626347135,0.00250597069815697,"F3/SERPINE2/TSPAN8/EMILIN2/APOE/F2RL1/FAP/TBXA2R/C1QTNF1/ADTRP/THBD/SERPINE1",12
"GO:0014032","neural crest cell development","13/770","81/18805",0.160493827160494,3.91959275292609,5.4409894108836,2.35313781113161e-05,0.00321573090018356,0.00272822443967289,"EDNRA/CDH2/NRP2/SEMA3C/SOX9/SEMA6D/SEMA4B/TBX1/EDNRB/SEMA6B/TWIST1/FOLR1/SEMA3E",13
"GO:0008585","female gonad development","15/770","106/18805",0.141509433962264,3.45595442293556,5.23933846811712,2.68633415182483e-05,0.00356778769881128,0.0030269092463258,"PTPRN/EREG/NRIP1/CGA/ADAMTS1/A2M/SLIT2/LFNG/PCYT1B/VGF/INHA/NPPC/ESR1/BMPR1B/PGR",15
"GO:0014033","neural crest cell differentiation","14/770","94/18805",0.148936170212766,3.63733075435203,5.29654220314486,2.75994448789499e-05,0.00356778769881128,0.0030269092463258,"EDNRA/CDH2/NRP2/SEMA3C/SOX9/SEMA6D/SEMA4B/TBX1/EDNRB/SEMA6B/TWIST1/FOLR1/SEMA3E/MEF2C",14
"GO:0043542","endothelial cell migration","28/770","293/18805",0.0955631399317406,2.33385044989141,4.75473907797175,2.97662459154609e-05,0.0037466303740434,0.00317863927989201,"LOXL2/TMSB4X/S100P/PPARG/EMP2/FSTL1/ATP2B4/BMPER/NRP2/S100A2/GPLD1/EFNB2/SRPX2/APOE/PTN/STC1/PTK2B/SLIT2/ATOH8/FAP/FGFBP1/TBXA2R/FLT4/ADTRP/MEF2C/CCN3/WNT7A/TNFSF12",28
"GO:0003018","vascular process in circulatory system","27/770","278/18805",0.0971223021582734,2.37192843128095,4.76171846215115,3.09387993235926e-05,0.00379436608114727,0.00321913822921591,"SLC2A3/SLCO3A1/EDNRA/ABCG2/CPS1/SLC7A2/ATP2B4/SLC1A3/ATP1B2/SLC22A3/TJP3/APOE/F2RL1/KLF2/HRH1/TACR1/SLIT2/EDNRB/ABCC3/ITGA1/SH3GL2/TBXA2R/FGFBP3/NPPC/ADRA1B/GPR4/COMP",27
"GO:0050679","positive regulation of epithelial cell proliferation","23/770","218/18805",0.105504587155963,2.5766412486596,4.83803373586812,3.25788741088229e-05,0.0038956188715625,0.00330504104446085,"F3/PTPRN/TNFAIP3/NRP2/AREG/NR4A3/IRS2/SOX9/TBX1/PTN/TACR1/TWIST1/FGFBP1/PAX2/ODAM/FLT4/HAS2/CCR3/FGFR2/CDH3/LRG1/WNT7A/TNFSF12",23
"GO:0071356","cellular response to tumor necrosis factor","23/770","219/18805",0.105022831050228,2.5648757635059,4.81306099965272,3.50269881883332e-05,0.00408619718304385,0.00346672758577726,"HYAL1/TNFAIP3/TMSB4X/GBP2/GSDME/TNFRSF21/CD70/PTK2B/F2RL1/CASP4/KLF2/CCDC3/CARD16/CEBPA/NPNT/GBP3/HAS2/GBP1/CXCL8/CCL2/ST18/ANKRD1/CASP1",23
"GO:0031589","cell-substrate adhesion","32/770","361/18805",0.0886426592797784,2.16483793215095,4.61746869135902,3.70274848102107e-05,0.00421672523445804,0.0035774675173775,"CD44/ITGB4/ANTXR1/CDK6/AGR2/S100A10/EMP2/ITGB6/PTEN/NEDD9/ATP1B2/CCN2/PTK2B/ITGA2/ECM2/ITGA1/ITGA7/CCDC80/EPHB3/NPNT/COL17A1/SERPINE1/HAS2/GBP1/ITGB8/SEMA3E/GPM6B/FMN1/MYO1G/DISC1/COL3A1/TNXB",32
"GO:0045766","positive regulation of angiogenesis","21/770","192/18805",0.109375,2.67116477272727,4.80921406492291,4.17551135840483e-05,0.00464452809936053,0.00394041524765009,"F3/HYAL1/EMP2/BMPER/HMGA2/EMILIN2/TGM2/PTK2B/GATA6/RUNX1/TWIST1/CLIC3/C3/TBXA2R/SERPINE1/CCR3/CXCL8/ITGB8/ADM2/LRG1/TNFSF12",21
"GO:0044344","cellular response to fibroblast growth factor stimulus","19/770","165/18805",0.115151515151515,2.81223927587564,4.83111045575944,4.73808821753129e-05,0.00515051726010277,0.0043696961910486,"HYAL1/CD44/IQGAP1/CPS1/CCN2/TBX1/EPHA5/EPHA8/FGFBP1/EPHB3/FGFBP3/LHX1/FLT4/EPHA6/CXCL8/KLB/CCL2/FGFR2/CSF1R",19
"GO:0008217","regulation of blood pressure","21/770","194/18805",0.108247422680412,2.64362699156514,4.75479377586305,4.86581293929653e-05,0.00517181850859007,0.00438776815929547,"SCNN1A/EDNRA/PPARG/EMP2/CTSZ/PCSK5/EMILIN2/RASL10B/F2RL1/TACR1/EDNRB/KCNK3/ADAMTS16/CYP4F12/TBXA2R/NTSR1/ACSM3/SUCNR1/ADM2/SLC2A5/NOS2",21
"GO:1904018","positive regulation of vasculature development","21/770","195/18805",0.107692307692308,2.63006993006993,4.72783994557761,5.24776129285272e-05,0.00545653092689447,0.00462931802836321,"F3/HYAL1/EMP2/BMPER/HMGA2/EMILIN2/TGM2/PTK2B/GATA6/RUNX1/TWIST1/CLIC3/C3/TBXA2R/SERPINE1/CCR3/CXCL8/ITGB8/ADM2/LRG1/TNFSF12",21
"GO:0030048","actin filament-based movement","17/770","139/18805",0.122302158273381,2.98687283939083,4.85807542099171,5.47414154405432e-05,0.00557081255430039,0.00472627450220144,"EMP2/CACNB2/WIPF1/SYNE2/GSN/PDE4D/FGF12/TNNC1/STC1/ACTC1/KCND3/SCN2A/SCN9A/KCNJ2/SCN4B/MYO1G/HCN4",17
"GO:0050818","regulation of coagulation","12/770","76/18805",0.157894736842105,3.85611756664388,5.15511065871534,5.68587324321259e-05,0.00557651442171634,0.00473111196358077,"F3/SERPINE2/TSPAN8/EMILIN2/APOE/F2RL1/FAP/TBXA2R/C1QTNF1/ADTRP/THBD/SERPINE1",12
"GO:0071347","cellular response to interleukin-1","13/770","88/18805",0.147727272727273,3.60780696576151,5.06653523712242,5.78444110129882e-05,0.00557651442171634,0.00473111196358077,"HYAL1/GBP2/SOX9/KLF2/GBP3/MYLK3/HAS2/IL1R1/GBP1/CXCL8/CCL2/ST18/ANKRD1",13
"GO:0048286","lung alveolus development","10/770","54/18805",0.185185185185185,4.52260702260702,5.35625531335298,5.82951538962611e-05,0.00557651442171634,0.00473111196358077,"STRA6/ITGB6/PKDCC/MYOCD/FOXA1/GATA6/FLT4/ABCA12/FGFR2/PGR",10
"GO:0014909","smooth muscle cell migration","14/770","101/18805",0.138613861386139,3.38523852385239,4.96635391781108,6.2373643482541e-05,0.00577194052850282,0.00489691137193753,"NR4A3/SEMA6D/P2RY6/MYOCD/TRIB1/ADAMTS1/ITGA2/TACR1/SLIT2/TLR4/SERPINE1/HAS2/MEF2C/CCN3",14
"GO:0022612","gland morphogenesis","16/770","127/18805",0.125984251968504,3.0767972185295,4.8522501142397,6.27516009789142e-05,0.00577194052850282,0.00489691137193753,"LAMA1/SERPINB5/TNFAIP3/ELF3/AREG/SEMA3C/SOX9/FOXA1/TGM2/PTN/ESR1/FGFR2/NKX2-3/EDAR/CSF1R/PGR",16
"GO:0048762","mesenchymal cell differentiation","26/770","275/18805",0.0945454545454545,2.30899645808737,4.51834635901405,6.77779446988092e-05,0.00611663980178121,0.00518935405787307,"LOXL2/EDNRA/EMP2/CDH2/NRP2/SEMA3C/PTEN/SOX9/SEMA6D/SEMA4B/HMGA2/TBX1/FOXF2/FOXA1/EDNRB/SEMA6B/TWIST1/PAX2/HAS2/FOLR1/LDLRAD4/SEMA3E/FGFR2/MEF2C/LRG1/TNXB",26
"GO:0003073","regulation of systemic arterial blood pressure","14/770","102/18805",0.137254901960784,3.35204991087344,4.92156689796736,6.96208160623704e-05,0.00614162208512616,0.00521054901419751,"EMP2/CTSZ/PCSK5/RASL10B/F2RL1/TACR1/EDNRB/KCNK3/ADAMTS16/CYP4F12/NTSR1/SUCNR1/ADM2/SLC2A5",14
"GO:0014812","muscle cell migration","15/770","115/18805",0.130434782608696,3.18548842461886,4.85741478745306,7.06228757436627e-05,0.00614162208512616,0.00521054901419751,"NR4A3/SEMA6D/P2RY6/MYOCD/TRIB1/ADAMTS1/ITGA2/TACR1/SLIT2/TLR4/SERPINE1/HAS2/MEF2C/CCN3/TCP11L2",15
"GO:0070555","response to interleukin-1","15/770","116/18805",0.129310344827586,3.15802731751008,4.81731794679555,7.80997036861453e-05,0.00667055147733631,0.00565929243815959,"HYAL1/HDAC4/GBP2/SOX9/SNCA/KLF2/GBP3/MYLK3/HAS2/IL1R1/GBP1/CXCL8/CCL2/ST18/ANKRD1",15
"GO:0071774","response to fibroblast growth factor","19/770","173/18805",0.109826589595376,2.68219352901434,4.59284387165283,9.03513963776616e-05,0.00758159173463781,0.00643221852328505,"HYAL1/CD44/IQGAP1/CPS1/CCN2/TBX1/EPHA5/EPHA8/FGFBP1/EPHB3/FGFBP3/LHX1/FLT4/EPHA6/CXCL8/KLB/CCL2/FGFR2/CSF1R",19
"GO:0030323","respiratory tube development","21/770","203/18805",0.103448275862069,2.52642185400806,4.51809319313095,9.40157533998254e-05,0.00775305773295456,0.00657769018795511,"LAMA1/AGR2/CTSZ/STRA6/ITGB6/RCN3/PCSK5/PKDCC/SOX9/MYOCD/CCN2/FOXA1/KLF2/GATA6/CEBPA/FLT4/ABCA12/PHEX/FGFR2/COL3A1/PGR",21
"GO:0050807","regulation of synapse organization","28/770","315/18805",0.0888888888888889,2.17085137085137,4.33013065373419,0.000106255836520747,0.00848614518523517,0.00719964120494329,"FARP1/AMIGO2/CDH2/SHANK3/NRP2/NEDD9/FYN/TANC2/SNCA/SNAP25/SRPX2/APOE/PTK2B/SLITRK2/SLITRK4/NRXN2/ELMO1/EPHB3/DNM3/CAMK2B/DCLK1/GPM6A/PTPN13/LRRTM3/MEF2C/CDH8/DISC1/WNT7A",28
"GO:0048008","platelet-derived growth factor receptor signaling pathway","14/770","106/18805",0.132075471698113,3.22555746140652,4.74782785529657,0.000106453838827955,0.00848614518523517,0.00719964120494329,"F3/IQGAP1/CSPG4/NR4A3/SNCA/MYOCD/TXNIP/EPHA5/EPHA8/EPHB3/FLT4/EPHA6/FGFR2/CSF1R",14
"GO:0014910","regulation of smooth muscle cell migration","13/770","94/18805",0.138297872340426,3.37752141475546,4.7747680079008,0.000115850424593118,0.00908381280047352,0.00770670210192357,"NR4A3/SEMA6D/P2RY6/MYOCD/TRIB1/ADAMTS1/ITGA2/TACR1/SLIT2/TLR4/SERPINE1/HAS2/MEF2C",13
"GO:0060560","developmental growth involved in morphogenesis","23/770","238/18805",0.0966386554621849,2.36011677398232,4.36321101549736,0.000126165342440513,0.00973304569182216,0.00825751095260064,"EDNRA/IQGAP1/NRP2/AREG/SOX9/SEMA6D/APOE/SLIT2/FSTL4/SH3GL2/LHX1/RNF157/SYT17/DCLK1/ESR1/RND2/FGFR2/UNC13A/PAK6/SYT1/FMN1/DISC1/MAP2",23
"GO:0048659","smooth muscle cell proliferation","19/770","178/18805",0.106741573033708,2.60685101415439,4.45068200448169,0.00013215337804716,0.0100331683682471,0.00851213487672181,"TNFAIP3/JUN/PPARG/EREG/PTEN/NR4A3/P2RY6/MYOCD/TRIB1/ADAMTS1/APOE/ITGA2/TACR1/IL6R/TLR4/NPPC/FGFR2/MEF2C/CCN3",19
"GO:0007160","cell-matrix adhesion","23/770","240/18805",0.0958333333333333,2.34044913419913,4.31838037071697,0.00014297389337776,0.0106850645629035,0.00906520327255371,"CD44/ITGB4/CDK6/S100A10/EMP2/ITGB6/PTEN/CCN2/PTK2B/ITGA2/ECM2/ITGA1/ITGA7/NPNT/COL17A1/SERPINE1/ITGB8/SEMA3E/GPM6B/FMN1/DISC1/COL3A1/TNXB",23
"GO:0050803","regulation of synapse structure or activity","28/770","321/18805",0.0872274143302181,2.13027470971396,4.22037417642856,0.000146376686054925,0.0107710721446262,0.00913817206059491,"FARP1/AMIGO2/CDH2/SHANK3/NRP2/NEDD9/FYN/TANC2/SNCA/SNAP25/SRPX2/APOE/PTK2B/SLITRK2/SLITRK4/NRXN2/ELMO1/EPHB3/DNM3/CAMK2B/DCLK1/GPM6A/PTPN13/LRRTM3/MEF2C/CDH8/DISC1/WNT7A",28
"GO:0051216","cartilage development","21/770","210/18805",0.1,2.44220779220779,4.34261976067897,0.00015202870993018,0.0108581506902472,0.00921204945385585,"TGFBI/HYAL1/CD44/CREB3L2/LOXL2/PKDCC/SOX9/GPLD1/CCN2/HMGA2/STC1/RUNX1/PRKG2/NPPC/ITGB8/BMPR1B/MEF2C/COMP/CCN3/COL3A1/WNT7A",21
"GO:0034612","response to tumor necrosis factor","23/770","241/18805",0.0954356846473029,2.33073772700329,4.29613204645061,0.0001521003755481,0.0108581506902472,0.00921204945385585,"HYAL1/TNFAIP3/TMSB4X/GBP2/GSDME/TNFRSF21/CD70/PTK2B/F2RL1/CASP4/KLF2/CCDC3/CARD16/CEBPA/NPNT/GBP3/HAS2/GBP1/CXCL8/CCL2/ST18/ANKRD1/CASP1",23
"GO:0031579","membrane raft organization","7/770","30/18805",0.233333333333333,5.69848484848485,5.32158368083558,0.000167470452371184,0.0117427522271915,0.00996254494224574,"S100A10/EMP2/IQGAP1/FA2H/GSN/RFTN1/DOCK2",7
"GO:0048565","digestive tract development","16/770","138/18805",0.115942028985507,2.83154526632788,4.46202856916225,0.000169495985216341,0.0117427522271915,0.00996254494224574,"AGR2/STRA6/CPS1/PCSK5/PKDCC/SOX9/MYOCD/FOXF2/GATA6/EDNRB/CCKBR/EPHB3/CXCL8/FGFR2/NKX2-3/COL3A1",16
"GO:0001667","ameboidal-type cell migration","23/770","243/18805",0.0946502057613169,2.31155470044359,4.25196392704048,0.00017191593724709,0.0117427522271915,0.00996254494224574,"ITGB4/EDNRA/IQGAP1/CDH2/NRP2/SEMA3C/PTEN/IRS2/SOX9/SEMA6D/SEMA4B/TBX1/KRT16/ITGA2/TACR1/EDNRB/SEMA6B/TWIST1/HAS2/FOLR1/SEMA3E/CCN3/LRG1",23
"GO:0023061","signal release","38/770","497/18805",0.0764587525150905,1.86728161174841,4.04883698528718,0.000174312232517374,0.0117427522271915,0.00996254494224574,"PTPRN/PPARG/ITPR1/PCSK5/IRS2/CGA/SNCA/GPLD1/SNAP25/RASL10B/TGM2/F2RL1/TACR1/EDNRB/EPHA5/ILDR2/SV2B/NRXN2/C1QTNF1/VGF/INHA/CHRM3/HNF4A/ABCA12/RFX6/SUCNR1/UNC13A/FFAR4/SYT1/MEF2C/CCN3/SNCG/CADPS2/WNT7A/CHRNB4/KCNK9/EXOC3L1/NOS2",38
"GO:0008544","epidermis development","32/770","395/18805",0.0810126582278481,1.97849745191517,4.06110074344356,0.000200268318848136,0.0129047898702937,0.0109484170802254,"LAMA3/FLNB/LATS2/FOXQ1/EREG/PPL/KRT15/GSDME/AKR1C3/SOX9/FA2H/CCN2/GJB5/KRT7/KRT16/KRT81/TXNIP/CLDN4/GATA6/LAMC2/TMEM132E/PLAAT4/COL17A1/ABCA12/SOX21/ST14/ALOXE3/FGFR2/EDAR/CDH3/POU3F1/PDZD7",32
"GO:1900047","negative regulation of hemostasis","9/770","51/18805",0.176470588235294,4.30977845683728,4.89045725785687,0.000200315507633484,0.0129047898702937,0.0109484170802254,"SERPINE2/TSPAN8/APOE/FAP/C1QTNF1/ADTRP/THBD/SERPINE1/COMP",9
"GO:0007200","phospholipase C-activating G protein-coupled receptor signaling pathway","16/770","140/18805",0.114285714285714,2.79109461966605,4.39522346346814,0.000200480645077129,0.0129047898702937,0.0109484170802254,"ADGRG1/EDNRA/ITPR1/P2RY6/TGM2/HRH1/TACR1/EDNRB/CCKBR/CHRM3/DGKI/ADRA1B/ESR1/FFAR4/FPR3/GPR4",16
"GO:0030324","lung development","20/770","199/18805",0.100502512562814,2.45448019317366,4.26206679710357,0.000202354012183154,0.0129047898702937,0.0109484170802254,"LAMA1/AGR2/CTSZ/STRA6/ITGB6/RCN3/PKDCC/SOX9/MYOCD/CCN2/FOXA1/KLF2/GATA6/CEBPA/FLT4/ABCA12/PHEX/FGFR2/COL3A1/PGR",20
"GO:0021953","central nervous system neuron differentiation","21/770","215/18805",0.0976744186046512,2.38541226215645,4.2215406235179,0.000210943108412212,0.0131570029137844,0.0111623944964378,"ADARB1/SHANK3/NRP2/PTEN/BTG2/NR4A2/ZC4H2/SLIT2/CHD5/EPHB3/BRINP3/LHX1/DCLK1/SEMA3E/FGFR2/BMPR1B/RORB/DISC1/MAP2/CSF1R/WNT7A",21
"GO:0072073","kidney epithelium development","17/770","155/18805",0.109677419354839,2.67855048177629,4.33584000944519,0.000211810416968723,0.0131570029137844,0.0111623944964378,"EDNRA/IQGAP1/BMPER/MAGED1/SOX9/EFNB2/SLIT2/EDNRB/ADAMTS16/PAX2/PECAM1/NPNT/LHX1/FGFR2/POU3F3/FMN1/MEF2C",17
"GO:0003012","muscle system process","36/770","467/18805",0.0770877944325482,1.88264412247282,3.99098871891702,0.000218772306429555,0.0133557989915359,0.0113310529864258,"EDNRA/PPARG/SORBS2/CACNB2/ATP2B4/HDAC4/NR4A3/SYNM/MYOCD/GSN/PDE4D/RYR1/FGF12/TNNC1/STC1/GATA6/ITGA2/TACR1/EDNRB/TBXA2R/NPNT/CHRM3/KCND3/GATM/CAMK2B/PROK2/ADRA1B/SCN2A/SCN9A/KCNJ2/SCN4B/COMP/PI16/ANKRD2/HCN4/CHRNB4",36
"GO:0045765","regulation of angiogenesis","30/770","363/18805",0.0826446280991736,2.01835354727917,4.04818447242078,0.000222754100063201,0.0133557989915359,0.0113310529864258,"F3/HYAL1/TNFAIP3/PPARG/EMP2/ATP2B4/BMPER/FYN/HMGA2/ADAMTS1/EMILIN2/TGM2/PTK2B/KLF2/GATA6/RUNX1/TWIST1/CLIC3/C3/TBXA2R/SERPINE1/CCR3/CXCL8/ITGB8/SEMA3E/ADM2/GPR4/ISM1/LRG1/TNFSF12",30
"GO:0007548","sex differentiation","26/770","296/18805",0.0878378378378378,2.14518252018252,4.10337774562365,0.000223387815037189,0.0133557989915359,0.0113310529864258,"PTPRN/ADGRG1/STRA6/EREG/NRIP1/AKR1C3/SOX9/CGA/ADAMTS1/FOXF2/A2M/GATA6/SLIT2/LFNG/LHFPL2/LHX1/PCYT1B/VGF/INHA/NPPC/GFRA1/HNF4A/ESR1/BMPR1B/WNT7A/PGR",26
"GO:0045667","regulation of osteoblast differentiation","17/770","156/18805",0.108974358974359,2.66138028638029,4.30542460195679,0.000228858586205887,0.0135139582447254,0.0114652352153827,"CDK6/PPARG/AREG/PTEN/SOX9/IL6R/TWIST1/CEBPA/NPNT/NPPC/CHRD/HOXA2/FGFR2/BMPR1B/FFAR4/MEF2C/RORB",17
"GO:0044070","regulation of monoatomic anion transport","5/770","15/18805",0.333333333333333,8.14069264069264,5.71656294656512,0.00024214188696424,0.0141239590896336,0.0119827596180635,"PDZK1/STC1/GABRE/CA2/PRKG2",5
"GO:0042063","gliogenesis","29/770","348/18805",0.0833333333333333,2.03517316017316,4.02749008120716,0.000245180735805698,0.0141289091488994,0.0119869592457954,"DNER/ADGRG1/ITGB4/CDK6/SERPINE2/CDH2/AREG/CSPG4/PTEN/SYNE2/ATP1B2/SOX9/FA2H/TNFRSF21/CRB1/PTN/PTK2B/ROR1/PAX2/TLR4/TSPAN2/PITX3/CCL2/DUSP15/GPM6B/POU3F1/DISC1/CSF1R/COL3A1",29
"GO:0045987","positive regulation of smooth muscle contraction","7/770","32/18805",0.21875,5.34232954545455,5.07976169876176,0.000257825946679357,0.0146807321781829,0.0124551256196607,"MYOCD/ITGA2/TACR1/TBXA2R/NPNT/CHRM3/PROK2",7
"GO:0033627","cell adhesion mediated by integrin","12/770","89/18805",0.134831460674157,3.29286443893185,4.48001300043,0.000267801424070007,0.0150693436626688,0.0127848234029706,"ITGB4/ITGB6/MUC1/EMILIN2/ITGA2/EPHA8/ITGA1/ITGA7/NPNT/SERPINE1/ITGB8/CCN3",12
"GO:0060348","bone development","21/770","219/18805",0.0958904109589041,2.34184308841843,4.12708330407723,0.000271683429919996,0.0151100214570621,0.0128193344227856,"PTGER4/ITGB6/DHRS3/PAPSS2/SOX9/RYR1/TGM2/STC1/XYLT1/TWIST1/TTC9/NPPC/HAS2/PHEX/SIGLEC15/MMP16/FGFR2/BMPR1B/MEF2C/COMP/COL3A1",21
"GO:0070252","actin-mediated cell contraction","14/770","116/18805",0.120689655172414,2.9474921630094,4.34734485146992,0.000279811164278221,0.015383181594744,0.0130510833429224,"EMP2/CACNB2/GSN/PDE4D/FGF12/TNNC1/STC1/ACTC1/KCND3/SCN2A/SCN9A/KCNJ2/SCN4B/HCN4",14
"GO:0048660","regulation of smooth muscle cell proliferation","18/770","174/18805",0.103448275862069,2.52642185400806,4.17968475357186,0.000290514581369249,0.0157901277578309,0.0133963362581155,"TNFAIP3/JUN/PPARG/EREG/PTEN/NR4A3/P2RY6/MYOCD/TRIB1/ADAMTS1/APOE/ITGA2/TACR1/IL6R/TLR4/NPPC/FGFR2/MEF2C",18
"GO:0002064","epithelial cell development","21/770","221/18805",0.0950226244343891,2.320649938297,4.08062479727467,0.000307439968465745,0.0163754061179041,0.0138928861173939,"CDK6/EDNRA/FLNB/AKR1B1/IQGAP1/CDH2/SOX9/TJP3/FOXA1/PDE4D/STC1/F2RL1/EDNRB/CEBPA/PECAM1/ABCA12/ESR1/ST14/GPR4/WNT7A/PGR",21
"GO:0009268","response to pH","8/770","43/18805",0.186046511627907,4.54364240410752,4.80681007098843,0.000309363608271054,0.0163754061179041,0.0138928861173939,"SCNN1A/HYAL1/KCNK1/GPLD1/KCNK3/CTSS/GPR4/KCNK9",8
"GO:0072001","renal system development","28/770","336/18805",0.0833333333333333,2.03517316017316,3.95615557413907,0.000311553827457511,0.0163754061179041,0.0138928861173939,"EDNRA/STRA6/AKR1B1/IQGAP1/PCSK5/BMPER/MAGED1/SOX9/MYOCD/ADAMTS1/EFNB2/SLIT2/EDNRB/IL6R/ADAMTS16/PAX2/VANGL2/PECAM1/NPNT/LHX1/HAS2/GFRA1/DCHS2/FGFR2/POU3F3/FMN1/MEF2C/GPR4",28
"GO:0030336","negative regulation of cell migration","31/770","388/18805",0.0798969072164948,1.95124849377427,3.91212579705152,0.000318642144224717,0.0165659279981176,0.0140545247824518,"ADGRG1/PTGER4/PPARG/ADARB1/ATP2B4/PTEN/DPYSL3/NEDD9/ATP1B2/RAP2B/SEMA6D/MYOCD/TRIB1/KRT16/EMILIN2/APOE/STC1/SLIT2/TBXA2R/ADTRP/SRGAP3/NAV3/SERPINE1/LDLRAD4/CHRD/CCL2/TET1/MMP28/MEF2C/CCN3/COL3A1",31
"GO:0061138","morphogenesis of a branching epithelium","19/770","191/18805",0.0994764397905759,2.42942136397634,4.10269760701363,0.000329470137521812,0.0168021752746147,0.0142549568501689,"LAMA1/EDNRA/CTSZ/AREG/SEMA3C/MAGED1/SOX9/FOXA1/TGM2/SLIT2/ADAMTS16/PAX2/NPNT/LHX1/ESR1/ST14/SEMA3E/FGFR2/PGR",19
"GO:0003081","regulation of systemic arterial blood pressure by renin-angiotensin","6/770","24/18805",0.25,6.10551948051948,5.17128665947334,0.000330212100316493,0.0168021752746147,0.0142549568501689,"CTSZ/PCSK5/F2RL1/TACR1/EDNRB/SUCNR1",6
"GO:1901342","regulation of vasculature development","30/770","372/18805",0.0806451612903226,1.9695224130708,3.90250728369751,0.0003381760594631,0.0170262746569685,0.0144450826507507,"F3/HYAL1/TNFAIP3/PPARG/EMP2/ATP2B4/BMPER/FYN/HMGA2/ADAMTS1/EMILIN2/TGM2/PTK2B/KLF2/GATA6/RUNX1/TWIST1/CLIC3/C3/TBXA2R/SERPINE1/CCR3/CXCL8/ITGB8/SEMA3E/ADM2/GPR4/ISM1/LRG1/TNFSF12",30
"GO:0042391","regulation of membrane potential","35/770","463/18805",0.0755939524838013,1.84616139799725,3.80919118238195,0.0003831867088811,0.0190914794643573,0.0161972013457965,"SLC39A8/PIEZO2/FHL1/KCNK1/CACNB2/MLLT11/SHANK3/PTEN/ATP1B2/SNCA/KCNN4/FGF12/PTK2B/PMAIP1/GABRE/GLRX/TACR1/KCNK3/STOX1/NTSR1/KCND3/SCN2A/GRIK2/SCN9A/KCNJ2/INSYN1/MEF2C/SCN4B/GABRD/KCNF1/HSH2D/HCN4/WNT7A/CHRNB4/KCNK9",35
"GO:0050864","regulation of B cell activation","15/770","134/18805",0.111940298507463,2.73381469276992,4.16182389319661,0.000393050066267242,0.01938101512326,0.0164428432497039,"TNFAIP3/PCID2/MLH1/SH3KBP1/IRS2/VAV3/TNFRSF21/TLR4/THEMIS2/IKZF3/IL7/INHA/SHLD1/MEF2C/CD19",15
"GO:0042100","B cell proliferation","12/770","93/18805",0.129032258064516,3.15123586091328,4.29716281857449,0.000404936417509054,0.019483013721746,0.0165293788081321,"CTPS1/IRS2/VAV3/IL7R/TNFRSF21/CD70/PLCL2/TLR4/IKZF3/IL7/MEF2C/CD19",12
"GO:0061448","connective tissue development","25/770","291/18805",0.0859106529209622,2.09811665997233,3.90083208201107,0.000408735887129123,0.019483013721746,0.0165293788081321,"TGFBI/HYAL1/CD44/CREB3L2/LOXL2/PPARG/PKDCC/SOX9/GPLD1/CCN2/HMGA2/FOXA1/STC1/RUNX1/IL6R/PRKG2/NPPC/ITGB8/BMPR1B/MEF2C/GPR4/COMP/CCN3/COL3A1/WNT7A",25
"GO:0060485","mesenchyme development","28/770","342/18805",0.0818713450292398,1.99946836788942,3.85428107357108,0.000414295979735484,0.019483013721746,0.0165293788081321,"LOXL2/EDNRA/EMP2/CDH2/NRP2/SEMA3C/PTEN/SOX9/SEMA6D/SEMA4B/HMGA2/TBX1/FOXF2/FOXA1/EDNRB/ACTC1/SEMA6B/TWIST1/PAX2/ADAMTS5/HAS2/FOLR1/LDLRAD4/SEMA3E/FGFR2/MEF2C/LRG1/TNXB",28
"GO:0060541","respiratory system development","21/770","226/18805",0.0929203539823009,2.26930812550282,3.96663758779195,0.000415412716848667,0.019483013721746,0.0165293788081321,"LAMA1/AGR2/ALDH1A3/CTSZ/STRA6/ITGB6/RCN3/PKDCC/SOX9/MYOCD/CCN2/FOXA1/KLF2/GATA6/CEBPA/FLT4/ABCA12/PHEX/FGFR2/COL3A1/PGR",21
"GO:0001822","kidney development","27/770","325/18805",0.0830769230769231,2.02891108891109,3.8661700783304,0.000415509314114948,0.019483013721746,0.0165293788081321,"EDNRA/STRA6/AKR1B1/IQGAP1/PCSK5/BMPER/MAGED1/SOX9/ADAMTS1/EFNB2/SLIT2/EDNRB/IL6R/ADAMTS16/PAX2/VANGL2/PECAM1/NPNT/LHX1/HAS2/GFRA1/DCHS2/FGFR2/POU3F3/FMN1/MEF2C/GPR4",27
"GO:0003071","renal system process involved in regulation of systemic arterial blood pressure","6/770","25/18805",0.24,5.8612987012987,5.02558853049861,0.000419558940694092,0.019483013721746,0.0165293788081321,"EMP2/PCSK5/F2RL1/EDNRB/CYP4F12/SUCNR1",6
"GO:0003044","regulation of systemic arterial blood pressure mediated by a chemical signal","8/770","45/18805",0.177777777777778,4.34170274170274,4.63735203126831,0.000427857207487124,0.0194899145086753,0.0165352334322091,"CTSZ/PCSK5/RASL10B/F2RL1/TACR1/EDNRB/SUCNR1/SLC2A5",8
"GO:0060428","lung epithelium development","8/770","45/18805",0.177777777777778,4.34170274170274,4.63735203126831,0.000427857207487124,0.0194899145086753,0.0165352334322091,"AGR2/STRA6/RCN3/SOX9/FOXA1/KLF2/GATA6/FGFR2",8
"GO:0030900","forebrain development","32/770","413/18805",0.0774818401937046,1.89226753875664,3.78850662103752,0.000439999154606718,0.0198070090576964,0.0168042562843006,"ADGRG1/CDK6/ALDH1A3/ATP2B4/CDH2/SHANK3/NRP2/PTEN/SYNE2/BTG2/FYN/ATP1B2/SSTR1/NR4A2/SLIT2/PIANP/SEMA6B/EPHA5/CHD5/EPHB3/LHX1/DCLK1/FOXB1/SCN2A/SEMA3E/FGFR2/POU3F3/POU3F1/DISC1/CSF1R/COL3A1/WNT7A",32
"GO:0021954","central nervous system neuron development","12/770","94/18805",0.127659574468085,3.11771207515888,4.25299381265674,0.000447241684765044,0.0198070090576964,0.0168042562843006,"ADARB1/NRP2/PTEN/BTG2/NR4A2/SLIT2/EPHB3/DCLK1/SEMA3E/FGFR2/DISC1/MAP2",12
"GO:0050886","endocrine process","12/770","94/18805",0.127659574468085,3.11771207515888,4.25299381265674,0.000447241684765044,0.0198070090576964,0.0168042562843006,"PPARG/CTSZ/PCSK5/CGA/RASL10B/F2RL1/TACR1/EDNRB/C1QTNF1/INHA/SUCNR1/KCNK9",12
"GO:0055091","phospholipid homeostasis","5/770","17/18805",0.294117647058824,7.1829640947288,5.2697901327137,0.000466034539783977,0.0199891726965346,0.01695880382168,"ITGB6/RCN3/HNF4A/FABP3/LIPG",5
"GO:0170043","non-proteinogenic amino acid biosynthetic process","5/770","17/18805",0.294117647058824,7.1829640947288,5.2697901327137,0.000466034539783977,0.0199891726965346,0.01695880382168,"CPS1/ATP2B4/SLC1A3/DPYD/PLOD2",5
"GO:0055123","digestive system development","16/770","151/18805",0.105960264900662,2.58776984604799,4.04764530026254,0.000474385709674204,0.0199891726965346,0.01695880382168,"AGR2/STRA6/CPS1/PCSK5/PKDCC/SOX9/MYOCD/FOXF2/GATA6/EDNRB/CCKBR/EPHB3/CXCL8/FGFR2/NKX2-3/COL3A1",16
"GO:0003253","cardiac neural crest cell migration involved in outflow tract morphogenesis","4/770","10/18805",0.4,9.76883116883117,5.73103359054052,0.000480609420886782,0.0199891726965346,0.01695880382168,"EDNRA/SEMA3C/TWIST1/FOLR1",4
"GO:0030638","polyketide metabolic process","4/770","10/18805",0.4,9.76883116883117,5.73103359054052,0.000480609420886782,0.0199891726965346,0.01695880382168,"AKR1B1/AKR1C3/AKR1B10/AKR1C2",4
"GO:0030647","aminoglycoside antibiotic metabolic process","4/770","10/18805",0.4,9.76883116883117,5.73103359054052,0.000480609420886782,0.0199891726965346,0.01695880382168,"AKR1B1/AKR1C3/AKR1B10/AKR1C2",4
"GO:0044598","doxorubicin metabolic process","4/770","10/18805",0.4,9.76883116883117,5.73103359054052,0.000480609420886782,0.0199891726965346,0.01695880382168,"AKR1B1/AKR1C3/AKR1B10/AKR1C2",4
"GO:0048732","gland development","34/770","451/18805",0.0753880266075388,1.841132260201,3.73593754785636,0.000484803995301456,0.0199898061166109,0.0169593412149466,"LAMA1/SERPINB5/TNFAIP3/EDNRA/ALDH1A3/STRA6/SERPINE2/ELF3/CPS1/AREG/SEMA3C/IRS2/SOX9/CGA/FA2H/TBX1/SOCS2/FOXA1/TGM2/PTN/GATA6/ITGA2/CCKBR/CEBPA/EPHB3/FOXB1/ESR1/XDH/FGFR2/NKX2-3/EDAR/BAAT/CSF1R/PGR",34
"GO:0003151","outflow tract morphogenesis","11/770","82/18805",0.134146341463415,3.27613240418119,4.26804647390622,0.000499066013446985,0.020401989250572,0.0173090371735324,"EDNRA/NRP2/SEMA3C/DHRS3/TBX1/RYR1/GATA6/TWIST1/FOLR1/FGFR2/MEF2C",11
"GO:0032373","positive regulation of sterol transport","7/770","36/18805",0.194444444444444,4.74873737373737,4.65187578637293,0.000554594441593626,0.0222909681860699,0.018911645929619,"PPARG/ABCA8/APOE/ABCA12/LIPG/PLTP/ABCG4",7
"GO:0032376","positive regulation of cholesterol transport","7/770","36/18805",0.194444444444444,4.74873737373737,4.65187578637293,0.000554594441593626,0.0222909681860699,0.018911645929619,"PPARG/ABCA8/APOE/ABCA12/LIPG/PLTP/ABCG4",7
"GO:2000146","negative regulation of cell motility","31/770","403/18805",0.0769230769230769,1.87862137862138,3.684123554585,0.000606169340662463,0.0241608996365713,0.0204980948092438,"ADGRG1/PTGER4/PPARG/ADARB1/ATP2B4/PTEN/DPYSL3/NEDD9/ATP1B2/RAP2B/SEMA6D/MYOCD/TRIB1/KRT16/EMILIN2/APOE/STC1/SLIT2/TBXA2R/ADTRP/SRGAP3/NAV3/SERPINE1/LDLRAD4/CHRD/CCL2/TET1/MMP28/MEF2C/CCN3/COL3A1",31
"GO:0001991","regulation of systemic arterial blood pressure by circulatory renin-angiotensin","5/770","18/18805",0.277777777777778,6.78391053391053,5.07272725208958,0.000623659522725855,0.0243863304904275,0.0206893502295626,"CTSZ/PCSK5/F2RL1/EDNRB/SUCNR1",5
"GO:0010755","regulation of plasminogen activation","5/770","18/18805",0.277777777777778,6.78391053391053,5.07272725208958,0.000623659522725855,0.0243863304904275,0.0206893502295626,"S100A10/CTSZ/SERPINE2/RUNX1/SERPINE1",5
"GO:0061041","regulation of wound healing","15/770","140/18805",0.107142857142857,2.61665120593692,3.96715127975922,0.000627120771549777,0.0243863304904275,0.0206893502295626,"F3/TNFAIP3/SERPINE2/PTEN/TSPAN8/EMILIN2/APOE/CLDN4/F2RL1/FAP/TBXA2R/C1QTNF1/ADTRP/THBD/SERPINE1",15
"GO:0015718","monocarboxylic acid transport","18/770","186/18805",0.0967741935483871,2.36342689568496,3.86120236505105,0.000649887545757284,0.0248242246546028,0.0210608594129414,"SLCO3A1/PPARG/ABCG2/SLC16A6/IRS2/SLC22A3/SLC16A14/SLC16A5/APOE/ACSL5/RBP7/ABCC3/SLCO2A1/NTSR1/FABP3/ABCC11/FABP6/NOS2",18
"GO:0010875","positive regulation of cholesterol efflux","6/770","27/18805",0.222222222222222,5.42712842712843,4.75654649050955,0.000653951977102226,0.0248242246546028,0.0210608594129414,"PPARG/ABCA8/APOE/ABCA12/PLTP/ABCG4",6
"GO:0071467","cellular response to pH","6/770","27/18805",0.222222222222222,5.42712842712843,4.75654649050955,0.000653951977102226,0.0248242246546028,0.0210608594129414,"SCNN1A/HYAL1/KCNK1/GPLD1/KCNK3/KCNK9",6
"GO:0071526","semaphorin-plexin signaling pathway","8/770","48/18805",0.166666666666667,4.07034632034632,4.40087166910295,0.000672288983914516,0.0251215485161182,0.0213131088239347,"EDNRA/NRP2/SEMA3C/PLXNA2/SEMA6D/SEMA4B/SEMA6B/SEMA3E",8
"GO:0099054","presynapse assembly","8/770","48/18805",0.166666666666667,4.07034632034632,4.40087166910295,0.000672288983914516,0.0251215485161182,0.0213131088239347,"FARP1/PTEN/SNCA/EFNB2/SLITRK2/LRRTM3/NLGN4Y/WNT7A",8
"GO:0086003","cardiac muscle cell contraction","11/770","85/18805",0.129411764705882,3.16050420168067,4.12500107839927,0.000680615024484681,0.0252355167605444,0.0214097994238143,"CACNB2/GSN/PDE4D/FGF12/STC1/KCND3/SCN2A/SCN9A/KCNJ2/SCN4B/HCN4",11
"GO:0001541","ovarian follicle development","9/770","60/18805",0.15,3.66331168831169,4.26940454795246,0.000701194851688575,0.0257985767355881,0.0218874992166758,"EREG/CGA/LFNG/PCYT1B/VGF/INHA/NPPC/ESR1/BMPR1B",9
"GO:0002688","regulation of leukocyte chemotaxis","14/770","127/18805",0.110236220472441,2.69219756621331,3.95366758040468,0.000708389412863585,0.0258643248986758,0.0219432799243802,"MTUS1/NEDD9/PTN/PTK2B/F2RL1/SLIT2/IL6R/SERPINE1/CXCL8/S100A14/CCL2/MMP28/CCN3/CSF1R",14
"GO:0060900","embryonic camera-type eye formation","4/770","11/18805",0.363636363636364,8.88075560802834,5.40215451021746,0.000730831652418888,0.0264815741933299,0.0224669539080926,"ALDH1A3/STRA6/TWIST1/PAX2",4
"GO:0030278","regulation of ossification","14/770","128/18805",0.109375,2.67116477272727,3.91997329445226,0.000766123479897508,0.0274657289183359,0.023301910269966,"PTGER4/SRGN/DHRS3/PKDCC/SOX9/PTN/PTK2B/TACR1/TWIST1/GPM6B/BMPR1B/MEF2C/COMP/CCN3",14
"GO:0042113","B cell activation","24/770","287/18805",0.0836236933797909,2.04226435585321,3.67649690489687,0.000775255823002819,0.0274657289183359,0.023301910269966,"TNFAIP3/CTPS1/PCID2/MLH1/SH3KBP1/HDAC4/IRS2/VAV3/IL7R/TNFRSF21/CD70/PTK2B/PLCL2/LFNG/C3/TLR4/THEMIS2/IKZF3/IL7/INHA/SHLD1/NKX2-3/MEF2C/CD19",24
"GO:0007173","epidermal growth factor receptor signaling pathway","16/770","158/18805",0.10126582278481,2.47312181489397,3.84215719651594,0.000780917497344507,0.0274657289183359,0.023301910269966,"FAM83A/AGR2/IQGAP1/EREG/AREG/SOX9/PTK2B/FAM83B/EPHA5/EPHA8/ITGA1/EPHB3/FLT4/EPHA6/FGFR2/CSF1R",16
"GO:0001990","regulation of systemic arterial blood pressure by hormone","7/770","38/18805",0.184210526315789,4.4988038277512,4.46093992625761,0.000780961558204826,0.0274657289183359,0.023301910269966,"CTSZ/PCSK5/RASL10B/F2RL1/TACR1/EDNRB/SUCNR1",7
"GO:0060349","bone morphogenesis","12/770","100/18805",0.12,2.93064935064935,3.99978785664,0.000787134565768281,0.0274807637085379,0.0233146657782307,"DHRS3/SOX9/STC1/TWIST1/NPPC/HAS2/MMP16/FGFR2/BMPR1B/MEF2C/COMP/COL3A1",12
"GO:0007620","copulation","5/770","19/18805",0.263157894736842,6.42686261107314,4.89013534040918,0.000818067943314613,0.0280521673947133,0.0237994443713194,"SERPINE2/TACR1/EDNRB/PI3/DDO",5
"GO:0030522","intracellular receptor signaling pathway","30/770","393/18805",0.0763358778625954,1.86428075741053,3.57777517609915,0.000833835453013123,0.0280521673947133,0.0237994443713194,"OAS1/TNFAIP3/PPARG/IFI16/LATS2/TRIM31/DHRS3/MN1/NR4A3/GBP2/AKR1C3/TBX1/NR4A2/FOXA1/STING1/OASL/F2RL1/KLF2/ALPK1/TWIST1/CYP24A1/TLR4/RFTN1/NR5A2/HNF4A/ESR1/ALOXE3/RORB/NR3C2/PGR",30
"GO:0048754","branching morphogenesis of an epithelial tube","16/770","159/18805",0.10062893081761,2.45756758964306,3.81370271097718,0.000836140202939494,0.0280521673947133,0.0237994443713194,"LAMA1/EDNRA/CTSZ/AREG/MAGED1/SOX9/FOXA1/SLIT2/ADAMTS16/PAX2/NPNT/LHX1/ESR1/SEMA3E/FGFR2/PGR",16
"GO:1903053","regulation of extracellular matrix organization","10/770","74/18805",0.135135135135135,3.3002808002808,4.09664794057187,0.000838379926244656,0.0280521673947133,0.0237994443713194,"LAMA1/ANTXR1/PPARG/SOX9/RUNX1/FAP/ADTRP/HAS2/ZNF469/TNXB",10
"GO:0048813","dendrite morphogenesis","15/770","144/18805",0.104166666666667,2.54396645021645,3.84294402902523,0.000841832523507309,0.0280521673947133,0.0237994443713194,"FARP1/SHANK3/PTEN/FYN/TANC2/SDC2/PTN/EPHB3/HECW1/DNM3/CAMK2B/DCLK1/TET1/MAP2/WNT7A",15
"GO:0001894","tissue homeostasis","23/770","272/18805",0.0845588235294118,2.06510217723453,3.6560764810629,0.000850421131556225,0.0280521673947133,0.0237994443713194,"SLC39A8/TNFAIP3/MUC13/ATP1B2/SOX9/CCN2/TJP3/CRB1/PTK2B/ESRRB/ILDR2/TLR4/SH3GL2/PECAM1/IL7/IL20RB/TFF1/PCDH15/SIGLEC15/COMP/CDH3/CSF1R/COL3A1",23
"GO:0003007","heart morphogenesis","23/770","272/18805",0.0845588235294118,2.06510217723453,3.6560764810629,0.000850421131556225,0.0280521673947133,0.0237994443713194,"EDNRA/EMP2/NRP2/SEMA3C/DHRS3/SOX9/ADAMTS1/TBX1/RYR1/TNNC1/GATA6/SLIT2/ACTC1/TWIST1/ALPK2/VANGL2/ADAMTS5/RBM20/HAS2/FOLR1/FGFR2/MEF2C/ANKRD1",23
"GO:0060249","anatomical structure homeostasis","23/770","272/18805",0.0845588235294118,2.06510217723453,3.6560764810629,0.000850421131556225,0.0280521673947133,0.0237994443713194,"SLC39A8/TNFAIP3/MUC13/ATP1B2/SOX9/CCN2/TJP3/CRB1/PTK2B/ESRRB/ILDR2/TLR4/SH3GL2/PECAM1/IL7/IL20RB/TFF1/PCDH15/SIGLEC15/COMP/CDH3/CSF1R/COL3A1",23
"GO:0006935","chemotaxis","34/770","466/18805",0.0729613733905579,1.78186834624603,3.53143465683753,0.000860625230388462,0.0281943183352604,0.0239200451560744,"F3/TMSB4X/MTUS1/NRP2/SEMA3C/VAV3/NEDD9/SEMA4B/EFNB2/PTN/PTK2B/F2RL1/ITGA2/SLIT2/EDNRB/CXCL14/IL6R/ITGA1/CXCL2/CXCL1/DOCK2/SERPINE1/PROK2/CCR3/CXCL8/DEFB1/S100A14/SEMA3E/CCL2/MMP28/SUCNR1/FPR3/CCN3/CSF1R",34
"GO:0006820","monoatomic anion transport","17/770","175/18805",0.0971428571428571,2.37243042671614,3.76890634115761,0.000869813759756701,0.0283014912443286,0.0240109705969358,"KCNK1/PDZK1/SLC1A3/P2RY6/CLDN4/STC1/GABRE/CLCN4/APOL1/ANO2/ABCC3/CA2/CLIC3/PRKG2/GABRD/GABRB3/ABCC11",17
"GO:0006936","muscle contraction","28/770","359/18805",0.0779944289693593,1.90478602177767,3.57646858896812,0.000884449247240987,0.0283827604351478,0.0240799193365747,"EDNRA/CACNB2/ATP2B4/SYNM/MYOCD/GSN/PDE4D/RYR1/FGF12/TNNC1/STC1/ITGA2/TACR1/EDNRB/TBXA2R/NPNT/CHRM3/KCND3/PROK2/ADRA1B/SCN2A/SCN9A/KCNJ2/SCN4B/COMP/ANKRD2/HCN4/CHRNB4",28
"GO:0030195","negative regulation of blood coagulation","8/770","50/18805",0.16,3.90753246753247,4.25366664271376,0.000890113749795562,0.0283827604351478,0.0240799193365747,"SERPINE2/TSPAN8/APOE/FAP/C1QTNF1/ADTRP/THBD/SERPINE1",8
"GO:0043114","regulation of vascular permeability","8/770","50/18805",0.16,3.90753246753247,4.25366664271376,0.000890113749795562,0.0283827604351478,0.0240799193365747,"TJP3/APOE/HRH1/TACR1/SLIT2/SH3GL2/FGFBP3/GPR4",8
"GO:0032370","positive regulation of lipid transport","11/770","88/18805",0.125,3.05275974025974,3.9881707863815,0.000913993524904653,0.0289511988716487,0.0245621822133666,"PPARG/ABCA8/APOE/ACSL5/NTSR1/C1QTNF1/FABP3/ABCA12/LIPG/PLTP/ABCG4",11
"GO:0042330","taxis","34/770","468/18805",0.0726495726495727,1.77425352425352,3.50472854200426,0.000926390733461791,0.0291508347246562,0.0247315531682493,"F3/TMSB4X/MTUS1/NRP2/SEMA3C/VAV3/NEDD9/SEMA4B/EFNB2/PTN/PTK2B/F2RL1/ITGA2/SLIT2/EDNRB/CXCL14/IL6R/ITGA1/CXCL2/CXCL1/DOCK2/SERPINE1/PROK2/CCR3/CXCL8/DEFB1/S100A14/SEMA3E/CCL2/MMP28/SUCNR1/FPR3/CCN3/CSF1R",34
"GO:0001763","morphogenesis of a branching structure","19/770","208/18805",0.0913461538461538,2.23086288711289,3.68835155861409,0.000942503529045349,0.0294640155517902,0.0249972556207074,"LAMA1/EDNRA/CTSZ/AREG/SEMA3C/MAGED1/SOX9/FOXA1/TGM2/SLIT2/ADAMTS16/PAX2/NPNT/LHX1/ESR1/ST14/SEMA3E/FGFR2/PGR",19
"GO:0072006","nephron development","16/770","161/18805",0.0993788819875776,2.42703879970961,3.75743591923379,0.000956600787639761,0.0297105296576687,0.0252063980611844,"EDNRA/IQGAP1/MAGED1/SOX9/EDNRB/IL6R/ADAMTS16/PAX2/PECAM1/NPNT/LHX1/DCHS2/POU3F3/FMN1/MEF2C/GPR4",16
"GO:0010447","response to acidic pH","6/770","29/18805",0.206896551724138,5.05284370801612,4.51304565853995,0.000978740438825727,0.0302020356058287,0.0256233914544868,"SCNN1A/KCNK1/KCNK3/CTSS/GPR4/KCNK9",6
"GO:0009791","post-embryonic development","11/770","89/18805",0.123595505617978,3.01845906902087,3.94385412260218,0.00100512318015057,0.0308173344273087,0.0261454106577627,"ITPR1/SEMA3C/ALDH5A1/NR4A2/CRB1/LHX1/NPPC/SCN9A/FGFR2/NKX2-3/SCUBE1",11
"GO:0045933","positive regulation of muscle contraction","8/770","51/18805",0.156862745098039,3.83091418385536,4.18289773691824,0.00101844830647688,0.0310269952221587,0.0263232867681419,"CACNB2/MYOCD/ITGA2/TACR1/TBXA2R/NPNT/CHRM3/PROK2",8
"GO:1902893","regulation of miRNA transcription","10/770","76/18805",0.131578947368421,3.21343130553657,3.99510280976066,0.00103523726613355,0.0313216913565271,0.0265733068167769,"JUN/PPARG/TEAD1/SOX9/MYOCD/FOXA1/GATA6/ATOH8/TWIST1/ESR1",10
"GO:0032332","positive regulation of chondrocyte differentiation","5/770","20/18805",0.25,6.10551948051948,4.72021462612842,0.00105429083554347,0.0313216913565271,0.0265733068167769,"LOXL2/PKDCC/SOX9/PRKG2/BMPR1B",5
"GO:0001547","antral ovarian follicle growth","4/770","12/18805",0.333333333333333,8.14069264069264,5.11264121416282,0.00106086431105109,0.0313216913565271,0.0265733068167769,"EREG/NPPC/ESR1/BMPR1B",4
"GO:0031223","auditory behavior","4/770","12/18805",0.333333333333333,8.14069264069264,5.11264121416282,0.00106086431105109,0.0313216913565271,0.0265733068167769,"STRA6/SHANK3/SLC1A3/NRXN2",4
"GO:0061309","cardiac neural crest cell development involved in outflow tract morphogenesis","4/770","12/18805",0.333333333333333,8.14069264069264,5.11264121416282,0.00106086431105109,0.0313216913565271,0.0265733068167769,"EDNRA/SEMA3C/TWIST1/FOLR1",4
"GO:0070269","pyroptotic inflammatory response","7/770","40/18805",0.175,4.27386363636364,4.28280901277561,0.0010746932557748,0.0315353241863244,0.02675455279956,"GBP2/GSDME/CASP4/GBP3/GBP1/GSDMC/CASP1",7
"GO:0099175","regulation of postsynapse organization","15/770","148/18805",0.101351351351351,2.4752106002106,3.72285727533592,0.00111580792390216,0.0324004984315754,0.0274885661836819,"CDH2/SHANK3/NRP2/NEDD9/FYN/TANC2/APOE/PTK2B/NRXN2/ELMO1/DNM3/CAMK2B/DCLK1/DISC1/WNT7A",15
"GO:0034764","positive regulation of transmembrane transport","19/770","211/18805",0.0900473933649289,2.1991444574383,3.61941789508602,0.00111772574560107,0.0324004984315754,0.0274885661836819,"EDNRA/TMSB4X/CLTCL1/PDZK1/CACNB2/NR4A3/IRS2/ATP1B2/SNCA/P2RY6/KCNN4/ACSL5/CA2/C3/CTSS/NTSR1/CCL2/KCNJ2/CD19",19
"GO:0061614","miRNA transcription","10/770","77/18805",0.12987012987013,3.17169843143869,3.94558669503298,0.00114698232204102,0.0330482918453144,0.0280381537822963,"JUN/PPARG/TEAD1/SOX9/MYOCD/FOXA1/GATA6/ATOH8/TWIST1/ESR1",10
"GO:0007588","excretion","6/770","30/18805",0.2,4.88441558441558,4.39955501618258,0.00118155793543936,0.0336697963675622,0.0285654378989078,"ABCG2/STC1/TACR1/EDNRB/ATP6V0A4/CHRNB4",6
"GO:0045137","development of primary sexual characteristics","21/770","245/18805",0.0857142857142857,2.09332096474954,3.55921434130743,0.00118263135892755,0.0336697963675622,0.0285654378989078,"PTPRN/ADGRG1/EREG/NRIP1/AKR1C3/SOX9/CGA/ADAMTS1/A2M/GATA6/SLIT2/LFNG/LHFPL2/PCYT1B/VGF/INHA/NPPC/GFRA1/ESR1/BMPR1B/PGR",21
"GO:0040013","negative regulation of locomotion","31/770","421/18805",0.0736342042755344,1.79830027454731,3.42294350611188,0.00123476258508043,0.0349459730440218,0.0296481455340084,"ADGRG1/PTGER4/PPARG/ADARB1/ATP2B4/PTEN/DPYSL3/NEDD9/ATP1B2/RAP2B/SEMA6D/MYOCD/TRIB1/KRT16/EMILIN2/APOE/STC1/SLIT2/TBXA2R/ADTRP/SRGAP3/NAV3/SERPINE1/LDLRAD4/CHRD/CCL2/TET1/MMP28/MEF2C/CCN3/COL3A1",31
"GO:0003015","heart process","22/770","263/18805",0.0836501901140684,2.04291146116241,3.51932550243089,0.00125515673143365,0.0353142038026302,0.0299605523199796,"EDNRA/CACNB2/ATP2B4/FYN/ATP1B2/GSN/PDE4D/CELF2/FGF12/TNNC1/STC1/GATA6/EDNRB/ACTC1/KCND3/ADRA1B/SCN2A/SCN9A/KCNJ2/ADM2/SCN4B/HCN4",22
"GO:0001666","response to hypoxia","25/770","316/18805",0.0791139240506329,1.93212641788591,3.45282094384066,0.00133908130812309,0.0372373598648416,0.0315921569327694,"LOXL2/EDNRA/PPARG/ITPR1/MB/MT-CYB/MYOCD/NR4A2/DNMT3A/RYR1/WTIP/STC1/PTK2B/PMAIP1/GATA6/ITGA2/KCNK3/TWIST1/MT-ND1/NPPC/CPEB1/SCN2A/PLOD2/FGFR2/NOS2",25
"GO:0043491","phosphatidylinositol 3-kinase/protein kinase B signal transduction","25/770","316/18805",0.0791139240506329,1.93212641788591,3.45282094384066,0.00133908130812309,0.0372373598648416,0.0315921569327694,"PIK3C2B/SERPINE2/RCN3/PTEN/IRS2/VAV3/AKR1C3/UNC5B/PTK2B/F2RL1/RASD2/TWIST1/EPHA8/STOX1/C1QTNF1/PIK3IP1/PEAR1/XDH/MYO16/PTPN13/SEMA3E/NYAP1/AKR1C2/CSF1R/CD19",25
"GO:0051145","smooth muscle cell differentiation","10/770","79/18805",0.126582278481013,3.09140226861746,3.84893893966961,0.00140004756208443,0.0387076733494209,0.0328395701359019,"EDNRA/EREG/SOX9/MYOCD/GATA6/EDNRB/NPNT/FGFR2/MEF2C/COMP",10
"GO:0001655","urogenital system development","9/770","66/18805",0.136363636363636,3.33028335301063,3.91850048965364,0.00141195742042459,0.0388125996660391,0.0329285895688856,"SERPINB5/SOX9/FOXA1/PAX2/EPHB3/LHX1/FOXB1/ESR1/FGFR2",9
"GO:0048588","developmental cell growth","20/770","232/18805",0.0862068965517241,2.10535154500672,3.50038485568658,0.00142921446556137,0.0390624730787431,0.0331405820435434,"EDNRA/IQGAP1/SORBS2/NRP2/SOX9/SEMA6D/APOE/SLIT2/FSTL4/SH3GL2/RNF157/SYT17/DCLK1/RND2/UNC13A/PAK6/SYT1/PI16/DISC1/MAP2",20
"GO:0060075","regulation of resting membrane potential","4/770","13/18805",0.307692307692308,7.51448551448552,4.85487114381087,0.00148297174375921,0.040151263509174,0.0340643112840138,"KCNK1/KCNK3/KCNJ2/KCNK9",4
"GO:0010543","regulation of platelet activation","8/770","54/18805",0.148148148148148,3.61808561808562,3.98089679396194,0.00149423476994208,0.040151263509174,0.0340643112840138,"SERPINE2/EMILIN2/APOE/IL6R/TLR4/C1QTNF1/THBD/PEAR1",8
"GO:0050819","negative regulation of coagulation","8/770","54/18805",0.148148148148148,3.61808561808562,3.98089679396194,0.00149423476994208,0.040151263509174,0.0340643112840138,"SERPINE2/TSPAN8/APOE/FAP/C1QTNF1/ADTRP/THBD/SERPINE1",8
"GO:0048705","skeletal system morphogenesis","20/770","233/18805",0.0858369098712446,2.09631570146592,3.47933837947465,0.00150506224702289,0.0402162722207288,0.0341194646414185,"HYAL1/DHRS3/SOX9/CCN2/TBX1/STC1/TWIST1/LHX1/NPPC/HAS2/HOXA2/DSCAML1/MMP16/FGFR2/BMPR1B/FMN1/MEF2C/COMP/COL3A1/WNT7A",20
"GO:0050920","regulation of chemotaxis","19/770","217/18805",0.0875576036866359,2.13833861990544,3.48495693528414,0.00155273021264552,0.0412594922615751,0.0350045319868332,"F3/TMSB4X/MTUS1/NEDD9/EFNB2/PTN/PTK2B/F2RL1/ITGA2/SLIT2/IL6R/SERPINE1/CXCL8/S100A14/CCL2/MMP28/SUCNR1/CCN3/CSF1R",19
"GO:0051963","regulation of synapse assembly","16/770","169/18805",0.0946745562130177,2.31214938907247,3.5404844762614,0.00159642630606323,0.0419987624996889,0.0356317284761382,"FARP1/AMIGO2/SNCA/SNAP25/SRPX2/PTK2B/SLITRK2/SLITRK4/NRXN2/ELMO1/EPHB3/DCLK1/PTPN13/LRRTM3/MEF2C/WNT7A",16
"GO:0033002","muscle cell proliferation","21/770","251/18805",0.0836653386454183,2.04328141977544,3.43820658726526,0.00159811306187401,0.0419987624996889,0.0356317284761382,"TNFAIP3/JUN/PPARG/EREG/PTEN/NR4A3/P2RY6/MYOCD/TRIB1/ADAMTS1/APOE/GATA6/ITGA2/TACR1/RUNX1/IL6R/TLR4/NPPC/FGFR2/MEF2C/CCN3",21
"GO:0001709","cell fate determination","7/770","43/18805",0.162790697674419,3.97568710359408,4.03640128052616,0.00167035494017473,0.0434385177047776,0.0368532160506878,"GATA6/PAX2/HOXA2/DSCAML1/MEF2C/WNT7A/TNXB",7
"GO:0071379","cellular response to prostaglandin stimulus","5/770","22/18805",0.227272727272727,5.55047225501771,4.41263232813111,0.00167319600628939,0.0434385177047776,0.0368532160506878,"PTGER4/AKR1C3/P2RY6/GNG2/AKR1C2",5
"GO:0031547","brain-derived neurotrophic factor receptor signaling pathway","8/770","55/18805",0.145454545454545,3.55230224321133,3.91674431203163,0.00168698820292031,0.0434385177047776,0.0368532160506878,"EPHA5/EPHA8/FSTL4/EPHB3/FLT4/EPHA6/FGFR2/CSF1R",8
"GO:0007204","positive regulation of cytosolic calcium ion concentration","16/770","170/18805",0.0941176470588235,2.29854851031322,3.51423136862184,0.00169718680419679,0.0434385177047776,0.0368532160506878,"EDNRA/PTGER4/PTK2B/F2RL1/TACR1/EDNRB/CCKBR/TBXA2R/C1QTNF1/PROK2/CCR3/ADRA1B/ESR1/FFAR4/CACNA1A/FPR3",16
"GO:0035592","establishment of protein localization to extracellular region","28/770","375/18805",0.0746666666666667,1.82351515151515,3.32841116955663,0.00169830708985854,0.0434385177047776,0.0368532160506878,"PTPRN/LTBP1/PPARG/ITPR1/RCN3/PCSK5/IRS2/GPLD1/KCNN4/SNAP25/APOE/F2RL1/EDNRB/EPHA5/ILDR2/TLR4/VGF/ADTRP/CHRM3/HNF4A/ABCA12/RFX6/SUCNR1/COMP/CCN3/ANKRD1/SNCG/NOS2",28
"GO:0072009","nephron epithelium development","13/770","124/18805",0.104838709677419,2.56037913699204,3.60207978292057,0.00172003373110364,0.0436015743827905,0.0369915532523427,"EDNRA/IQGAP1/MAGED1/SOX9/EDNRB/ADAMTS16/PAX2/PECAM1/NPNT/LHX1/POU3F3/FMN1/MEF2C",13
"GO:0038084","vascular endothelial growth factor signaling pathway","11/770","95/18805",0.115789473684211,2.82781954887218,3.69037617054455,0.00172291397832896,0.0436015743827905,0.0369915532523427,"ADGRG1/NRP2/EPHA5/EPHA8/EPHB3/FLT4/EPHA6/XDH/FGFR2/CSF1R/TNXB",11
"GO:0045668","negative regulation of osteoblast differentiation","9/770","68/18805",0.132352941176471,3.23233384262796,3.8104474950864,0.0017484329122342,0.0440144979958747,0.0373418774330352,"CDK6/PPARG/AREG/PTEN/SOX9/TWIST1/CHRD/HOXA2/RORB",9
"GO:0006939","smooth muscle contraction","12/770","110/18805",0.109090909090909,2.6642266824085,3.61708320489702,0.0018193332954736,0.0455595348285352,0.0386526858861985,"EDNRA/ATP2B4/MYOCD/ITGA2/TACR1/EDNRB/TBXA2R/NPNT/CHRM3/PROK2/COMP/CHRNB4",12
"GO:0030168","platelet activation","14/770","140/18805",0.1,2.44220779220779,3.5390790960503,0.00183037169513335,0.0455972282178272,0.0386846649382625,"CSRP1/SERPINE2/VAV3/RAP2B/EMILIN2/APOE/IL6R/TLR4/C1QTNF1/THBD/DGKI/PEAR1/COMP/COL3A1",14
"GO:0060047","heart contraction","21/770","254/18805",0.0826771653543307,2.01914817465999,3.37895911650791,0.001848749218322,0.0456008556301746,0.03868774243303,"EDNRA/CACNB2/ATP2B4/ATP1B2/GSN/PDE4D/CELF2/FGF12/TNNC1/STC1/GATA6/EDNRB/ACTC1/KCND3/ADRA1B/SCN2A/SCN9A/KCNJ2/ADM2/SCN4B/HCN4",21
"GO:0021761","limbic system development","13/770","125/18805",0.104,2.5398961038961,3.56919602994561,0.00184958519595523,0.0456008556301746,0.03868774243303,"CDK6/ALDH1A3/ATP2B4/NRP2/PTEN/BTG2/PIANP/SEMA6B/EPHA5/FOXB1/SCN2A/SEMA3E/FGFR2",13
"GO:0030500","regulation of bone mineralization","10/770","82/18805",0.121951219512195,2.97830218561926,3.7095757927539,0.00186306669359111,0.0456976820279296,0.0387698898990214,"SRGN/PKDCC/SOX9/PTN/PTK2B/TWIST1/GPM6B/BMPR1B/MEF2C/COMP",10
"GO:0085029","extracellular matrix assembly","8/770","56/18805",0.142857142857143,3.48886827458256,3.85406718674197,0.00189887562667885,0.0463383781755353,0.0393134561807033,"ANTXR1/PPARG/PXDN/SOX9/HAS2/GPM6B/COL3A1/TNXB",8
"GO:0030199","collagen fibril organization","9/770","69/18805",0.130434782608696,3.18548842461886,3.75791564917028,0.00193919143682599,0.0470819931083182,0.0399443387067282,"COL5A2/LUM/LOXL2/PXDN/P4HA3/PLOD2/COMP/COL3A1/TNXB",9
"GO:0002237","response to molecule of bacterial origin","28/770","379/18805",0.0738786279683377,1.80426960901895,3.26827160209082,0.00198198339532293,0.0474881239675224,0.040288899918527,"TNFAIP3/PTGER4/NQO1/CPS1/GBP2/SNCA/NFKB2/TRIB1/SLPI/EFNB2/EDNRB/CARD16/CXCL2/TLR4/TBXA2R/GBP3/THBD/SERPINE1/CXCL8/S100A14/CCL2/PPM1E/FGFR2/MEF2C/SSC5D/ANKRD1/CASP1/NOS2",28
"GO:0010996","response to auditory stimulus","6/770","33/18805",0.181818181818182,4.44037780401417,4.08714687562178,0.00198570453554348,0.0474881239675224,0.040288899918527,"STRA6/SHANK3/SLC1A3/PTN/TACR1/NRXN2",6
"GO:0048566","embryonic digestive tract development","6/770","33/18805",0.181818181818182,4.44037780401417,4.08714687562178,0.00198570453554348,0.0474881239675224,0.040288899918527,"STRA6/PCSK5/PKDCC/FOXF2/CXCL8/FGFR2",6
"GO:0001765","membrane raft assembly","4/770","14/18805",0.285714285714286,6.97773654916512,4.6231528576854,0.00200934366567255,0.047577676994613,0.0403648766605925,"S100A10/EMP2/IQGAP1/RFTN1",4
"GO:0007638","mechanosensory behavior","4/770","14/18805",0.285714285714286,6.97773654916512,4.6231528576854,0.00200934366567255,0.047577676994613,0.0403648766605925,"STRA6/SHANK3/SLC1A3/NRXN2",4
"GO:0090257","regulation of muscle system process","21/770","256/18805",0.08203125,2.00337357954545,3.33991030469229,0.00203376839974985,0.047651081986037,0.0404271534175144,"PPARG/CACNB2/ATP2B4/HDAC4/NR4A3/MYOCD/PDE4D/TNNC1/STC1/ITGA2/TACR1/TBXA2R/NPNT/CHRM3/CAMK2B/PROK2/ADRA1B/KCNJ2/PI16/HCN4/CHRNB4",21
"GO:0033555","multicellular organismal response to stress","11/770","97/18805",0.11340206185567,2.76951399116348,3.6102609832967,0.00203911763158029,0.047651081986037,0.0404271534175144,"PTEN/NR4A2/APOE/TACR1/EDNRB/GNG7/VWA1/GRIK2/NPAS2/SCN9A/MEF2C",11
"GO:0019233","sensory perception of pain","10/770","83/18805",0.120481927710843,2.94241902675638,3.664529817055,0.00204233155072916,0.047651081986037,0.0404271534175144,"FYN/ITGA2/NTSR1/ACP3/PROK2/CCL2/ALOXE3/SCN9A/CCN3/DISC1",10
"GO:0006525","arginine metabolic process","5/770","23/18805",0.217391304347826,5.30914737436477,4.272644484183,0.00206672828623708,0.0477544028650818,0.0405148107980876,"SLC39A8/ATP2B4/ART4/SLC7A7/NOS2",5
"GO:0032253","dense core granule localization","5/770","23/18805",0.217391304347826,5.30914737436477,4.272644484183,0.00206672828623708,0.0477544028650818,0.0405148107980876,"TANC2/SNAP25/UNC13A/MAP2/CADPS2",5
"GO:0032963","collagen metabolic process","12/770","112/18805",0.107142857142857,2.61665120593692,3.54566948251068,0.00212171299073757,0.0486987104038064,0.0413159608276404,"RCN3/P3H3/ITGA2/RUNX1/IL6R/FAP/CTSS/MRC2/NPPC/MMP16/MMP28/TNXB",12
"GO:0016049","cell growth","34/770","492/18805",0.0691056910569106,1.68770457185091,3.193869195802,0.00213280135849393,0.0486987104038064,0.0413159608276404,"HYAL1/SH3BP4/EDNRA/FHL1/TEAD1/IGFBP7/IQGAP1/SERPINE2/SORBS2/NRP2/CDA/SOX9/SEMA6D/MYOCD/SOCS2/KAZALD1/APOE/PTK2B/SLIT2/FSTL4/SH3GL2/GNG4/RNF157/SYT17/DCLK1/HNF4A/RND2/UNC13A/PAK6/SYT1/PI16/CCN3/DISC1/MAP2",34
"GO:0008406","gonad development","20/770","240/18805",0.0833333333333333,2.03517316017316,3.33490569775006,0.00213814116345376,0.0486987104038064,0.0413159608276404,"PTPRN/ADGRG1/EREG/NRIP1/AKR1C3/SOX9/CGA/ADAMTS1/A2M/GATA6/SLIT2/LFNG/PCYT1B/VGF/INHA/NPPC/GFRA1/ESR1/BMPR1B/PGR",20
